T [ms],AccX [mg],AccY [mg],AccZ [mg],GyroX [mdps],GyroY [mdps],GyroZ [mdps]
410191,-1232,-899,-661,-482160,-1282330,-37730
410211,-1566,-1332,-687,-386610,-1442770,-53060
410231,-1814,-1998,-927,-422870,-1457330,-292530
410251,-1908,-1998,-1085,-711620,-1261120,-669900
410271,-1512,-1146,-812,-758170,-1352260,-708960
410291,-1242,-446,-754,-624610,-1694770,-445060
410311,-1467,-563,-954,-834400,-1726690,-246330
410331,-1872,-1062,-1119,-1109080,-1639680,-65800
410351,-1998,-1383,-1231,-1105090,-1694700,38220
410371,-1865,-1155,-1152,-897120,-1848560,-37660
410391,-1847,-1074,-1241,-819280,-1858920,-330610
410411,-1800,-698,-1183,-906990,-1800260,-503300
410431,-1346,0,-934,-830550,-1938440,-500920
410451,-1138,115,-941,-1076670,-1767080,-518560
410471,-1320,-163,-1040,-1231720,-1654030,-357910
410491,-1435,-304,-1014,-1123500,-1708000,-193970
410511,-1317,-175,-941,-948360,-1776740,-190260
410531,-1158,-76,-881,-916930,-1737120,-270900
410551,-1090,-137,-853,-961940,-1634290,-304640
410571,-1066,-185,-808,-956200,-1552110,-299250
410591,-956,-136,-746,-893830,-1500380,-329000
410611,-828,-67,-676,-844130,-1440530,-376740
410631,-710,-56,-626,-836500,-1352330,-402920
410651,-637,-133,-596,-832020,-1256080,-393960
410671,-638,-246,-565,-786030,-1182160,-355810
410691,-610,-307,-526,-682500,-1141910,-322490
410711,-543,-306,-458,-561120,-1107260,-326620
410731,-453,-300,-387,-486850,-1029700,-364070
410751,-372,-372,-340,-481530,-901600,-407540
410771,-369,-580,-342,-500220,-750820,-419720
410791,-382,-795,-350,-466690,-639800,-383600
410811,-371,-960,-321,-347620,-598010,-304360
410831,-346,-1058,-246,-206360,-583240,-184240
410851,-397,-1161,-198,-140350,-532910,-30240
410871,-538,-1309,-280,-211260,-391860,114170
410891,-578,-1363,-329,-341180,-185360,168210
410911,-526,-1342,-330,-372260,-16380,107730
410931,-460,-1281,-299,-268940,67690,22960
410951,-469,-1316,-273,-115570,117250,-3290
410971,-510,-1406,-259,-70,172550,34370
410991,-640,-1588,-301,42770,254590,96110
411011,-849,-1839,-427,-15330,395640,147980
411031,-876,-1833,-470,-107030,563780,137620
411051,-681,-1458,-379,-55370,655690,42560
411071,-595,-1201,-305,147070,638890,-18130
411091,-713,-1240,-367,263900,649250,22750
411111,-864,-1377,-489,216930,760130,60270
411131,-838,-1315,-512,192500,876960,1820
411151,-742,-1182,-459,325500,908320,-97370
411171,-754,-1153,-449,495390,897680,-107870
411191,-815,-1149,-500,532280,936530,-6720
411211,-808,-1005,-520,475580,1009260,115850
411231,-742,-800,-490,472990,1034880,197610
411251,-659,-597,-422,549850,1008980,234080
411271,-640,-510,-385,629230,982520,250600
411291,-697,-546,-404,626220,997220,279580
411311,-760,-618,-438,529130,1063790,301630
411331,-727,-604,-448,401590,1147300,234990
411351,-657,-521,-414,478660,1093610,204820
411371,-648,-497,-375,556920,1033270,218470
411391,-696,-553,-367,557830,1020740,225260
411411,-724,-620,-380,505470,1045730,185500
411431,-663,-587,-359,484750,1047760,120610
411451,-586,-524,-310,513660,1008490,92610
411471,-564,-517,-272,526750,958930,125090
411491,-576,-565,-259,479920,935830,171570
411511,-602,-637,-269,395850,934080,191870
411531,-618,-696,-268,328720,926590,177730
411551,-619,-742,-241,313110,890400,136010
411571,-588,-763,-212,330050,832440,77560
411591,-560,-807,-191,342720,772520,24570
411611,-578,-906,-186,323190,730240,1680
411631,-629,-1040,-204,279090,699930,2800
411651,-670,-1150,-230,243530,663460,-6300
411671,-650,-1168,-229,258370,594440,-38080
411691,-581,-1107,-175,318570,499730,-75530
411711,-515,-1065,-139,340480,428260,-93730
411731,-521,-1101,-162,278810,397460,-73430
411751,-559,-1160,-188,205660,364980,-24500
411771,-579,-1206,-191,202860,289520,6930
411791,-568,-1221,-165,253330,183260,1470
411811,-554,-1267,-143,276220,101010,-29890
411831,-571,-1349,-164,228480,63280,-52360
411851,-617,-1398,-184,155050,31570,-34860
411871,-616,-1347,-170,120190,-26460,-3780
411891,-567,-1248,-164,109760,-93730,-13370
411911,-539,-1185,-167,83090,-146370,-51870
411931,-537,-1152,-174,57400,-203700,-70000
411951,-533,-1110,-166,47320,-273000,-67830
411971,-515,-1074,-159,28910,-326130,-79450
411991,-518,-1068,-182,-26600,-344400,-110880
412011,-534,-1053,-201,-92050,-358400,-127330
412031,-527,-987,-192,-113330,-405440,-119210
412051,-493,-898,-179,-108290,-463260,-121450
412071,-465,-836,-180,-133560,-491190,-150430
412091,-459,-809,-195,-195090,-490140,-181300
412111,-475,-800,-209,-242900,-502810,-181720
412131,-477,-780,-208,-251720,-544460,-156310
412151,-480,-763,-212,-245490,-592410,-133420
412171,-492,-757,-228,-258650,-622790,-123060
412191,-491,-739,-239,-292040,-633290,-121450
412211,-479,-701,-244,-321580,-650790,-149730
412231,-461,-659,-243,-315210,-667730,-159180
412251,-467,-652,-249,-305200,-690270,-153930
412271,-476,-653,-254,-290920,-715960,-145040
412291,-472,-648,-256,-280700,-729890,-150920
412311,-468,-658,-241,-292670,-713370,-176820
412331,-483,-726,-245,-329560,-672420,-205520
412351,-525,-833,-261,-360150,-641550,-214970
412371,-569,-948,-271,-362320,-634410,-204960
412391,-579,-1023,-269,-345450,-642110,-190610
412411,-575,-1069,-263,-346710,-633500,-172200
412431,-587,-1111,-273,-379540,-599200,-143990
412451,-583,-1115,-284,-407190,-567070,-107520
412471,-560,-1096,-276,-397670,-555870,-69370
412491,-552,-1103,-268,-372120,-548520,-34020
412511,-563,-1138,-267,-352100,-534590,2030
412531,-584,-1195,-274,-340900,-509320,27300
412551,-574,-1217,-268,-321510,-483210,33250
412571,-555,-1213,-262,-284340,-468160,34160
412591,-544,-1194,-254,-241500,-462770,52780
412611,-536,-1173,-247,-201110,-459620,82810
412631,-529,-1158,-245,-177030,-439110,97860
412651,-511,-1145,-243,-162890,-403550,87430
412671,-491,-1136,-239,-141400,-370510,67340
412691,-473,-1114,-232,-110390,-345590,56980
412711,-459,-1088,-224,-76020,-322700,53830
412731,-438,-1059,-215,-51310,-290360,47110
412751,-416,-1028,-203,-34580,-251020,36890
412771,-385,-988,-197,-17010,-214130,33950
412791,-369,-940,-180,770,-181160,41230
412811,-358,-902,-175,8470,-138390,52080
412831,-354,-878,-179,5460,-89600,56280
412851,-335,-843,-173,5670,-39970,49560
412871,-315,-804,-167,23170,-490,36750
412891,-292,-761,-151,48020,32200,30940
412911,-290,-742,-149,64750,65660,37800
412931,-305,-742,-156,63630,108500,52290
412951,-318,-748,-163,52570,157920,60830
412971,-326,-752,-168,52010,201600,56980
412991,-333,-760,-165,68670,236110,42210
413011,-352,-787,-165,92610,265020,27090
413031,-375,-824,-172,110950,293580,17990
413051,-405,-874,-186,119420,324520,11830
413071,-433,-921,-197,123970,357000,3430
413091,-459,-966,-203,137480,383530,-7070
413111,-490,-1016,-217,182000,418810,-26390
413131,-507,-1049,-227,202510,436030,-37380
413151,-513,-1061,-234,227990,449610,-45640
413171,-512,-1062,-235,258860,454930,-40250
413191,-524,-1075,-239,283990,456400,-20090
413211,-540,-1087,-249,297080,463190,-700
413231,-536,-1085,-250,310730,469770,9100
413251,-520,-1071,-244,331240,467740,21560
413271,-519,-1073,-234,347270,460320,50400
413291,-535,-1100,-232,346150,455770,91140
413311,-555,-1128,-230,331520,455210,127120
413331,-560,-1136,-225,315000,452130,150360
413351,-549,-1120,-215,297570,443310,161770
413371,-527,-1086,-203,274470,435260,166530
413391,-507,-1051,-190,245910,429240,171220
413411,-497,-1023,-181,216090,421050,180320
413431,-496,-1014,-178,187530,410620,189560
413451,-495,-1010,-173,160020,401450,187390
413471,-484,-1002,-170,137760,392420,169120
413491,-466,-976,-160,122780,380660,142030
413511,-444,-943,-152,111300,365540,118860
413531,-430,-915,-147,97860,348880,105070
413551,-418,-890,-144,81620,333060,94780
413571,-408,-873,-140,67830,316820,80570
413591,-394,-858,-134,61040,297220,61740
413611,-382,-839,-129,60900,272930,42630
413631,-372,-823,-122,63000,245280,27790
413651,-362,-808,-116,64680,216160,17570
413671,-353,-797,-113,66920,185430,9870
413691,-351,-794,-111,68530,154280,3850
413711,-354,-807,-109,66710,124740,-1330
413731,-369,-839,-116,60970,97510,-6860
413751,-384,-878,-120,55650,68950,-12390
413771,-400,-919,-124,57400,34860,-18340
413791,-414,-955,-126,64610,-2870,-24360
413811,-419,-977,-128,68460,-38430,-29540
413831,-426,-992,-133,61810,-67340,-32270
413851,-431,-993,-137,47460,-91210,-32620
413871,-438,-992,-141,33950,-115080,-33670
413891,-450,-1011,-148,25900,-140350,-40670
413911,-468,-1049,-158,23940,-167720,-53830
413931,-483,-1089,-167,26390,-196980,-68810
413951,-498,-1132,-172,25830,-224140,-83930
413971,-509,-1164,-181,15750,-243740,-96390
413991,-517,-1169,-187,-2380,-256830,-103810
414011,-512,-1138,-192,-33810,-281750,-108710
414031,-500,-1091,-189,-43680,-293160,-118300
414051,-485,-1050,-185,-54600,-299740,-135660
414071,-475,-1030,-181,-67340,-303380,-153720
414091,-474,-1041,-183,-81060,-307090,-163800
414111,-484,-1071,-185,-93520,-314440,-160370
414131,-501,-1102,-188,-106680,-322000,-148540
414151,-507,-1107,-188,-122290,-326340,-139090
414171,-494,-1073,-185,-139510,-326410,-137480
414191,-469,-1016,-179,-157010,-323330,-142660
414211,-440,-949,-174,-172480,-320880,-145530
414231,-407,-881,-168,-181300,-323260,-139790
414251,-391,-838,-163,-183680,-328860,-128030
414271,-378,-811,-161,-183120,-334530,-113820
414291,-376,-801,-163,-180600,-339220,-101710
414311,-375,-804,-163,-178920,-340060,-93520
414331,-378,-817,-166,-176400,-338800,-88340
414351,-381,-833,-168,-172340,-336770,-82250
414371,-387,-847,-171,-166880,-333900,-75180
414391,-388,-853,-172,-159530,-330050,-69720
414411,-386,-853,-176,-153020,-321230,-70630
414431,-379,-844,-175,-146020,-308490,-77560
414451,-369,-831,-172,-133700,-297080,-83650
414471,-359,-819,-169,-116900,-288050,-84840
414491,-357,-826,-168,-101430,-277270,-83160
414511,-367,-857,-173,-90650,-261030,-81550
414531,-389,-907,-178,-82810,-239260,-82810
414551,-407,-959,-184,-68600,-219520,-87500
414571,-426,-1017,-185,-49350,-201390,-95760
414591,-437,-1056,-188,-35490,-178220,-106120
414611,-440,-1081,-187,-28000,-150920,-112630
414631,-442,-1087,-189,-22470,-122990,-111930
414651,-437,-1077,-188,-15610,-96320,-105490
414671,-434,-1064,-189,-7210,-69160,-99120
414691,-436,-1060,-195,-1400,-37240,-98350
414711,-437,-1063,-195,10990,-7350,-101920
414731,-437,-1069,-193,36400,14980,-106960
414751,-439,-1085,-192,65940,34580,-108920
414771,-449,-1110,-195,84560,60130,-105210
414791,-462,-1130,-204,90230,92120,-94570
414811,-467,-1120,-205,96950,121870,-80150
414831,-454,-1085,-204,112350,145320,-67270
414851,-437,-1036,-202,131320,166250,-59710
414871,-418,-995,-196,149240,187600,-55860
414891,-411,-971,-192,166950,206920,-48860
414911,-416,-978,-194,191940,240450,-11480
414931,-432,-995,-195,195580,258720,9240
414951,-441,-1004,-195,198800,275520,25270
414971,-434,-983,-190,204960,287980,39620
414991,-419,-940,-184,208880,298690,55090
415011,-408,-894,-177,204890,312830,68250
415031,-393,-847,-173,196210,329000,75810
415051,-378,-806,-167,188020,343840,78330
415071,-366,-774,-159,180390,356720,80220
415091,-365,-765,-159,170590,367780,85680
415111,-379,-782,-160,159180,376600,92680
415131,-403,-823,-163,151270,381010,93660
415151,-420,-859,-165,150850,380660,84420
415171,-435,-889,-162,153930,378140,65520
415191,-441,-908,-159,150780,379190,40110
415211,-437,-911,-156,142310,380660,14840
415231,-429,-900,-150,137060,375620,-2310
415251,-421,-890,-147,136640,362880,-8960
415271,-419,-887,-148,137270,346640,-11550
415291,-425,-899,-149,139370,328790,-16590
415311,-434,-926,-150,146580,307790,-25830
415331,-445,-964,-150,159390,281680,-35000
415351,-459,-1014,-152,171150,253470,-41720
415371,-469,-1053,-156,174650,229320,-47810
415391,-474,-1082,-157,169890,209790,-52920
415411,-474,-1097,-156,161910,190190,-52570
415431,-471,-1093,-156,154910,165620,-43610
415451,-467,-1077,-153,148820,136850,-30030
415471,-464,-1065,-151,141750,108710,-22680
415491,-459,-1063,-146,136010,80850,-26250
415511,-457,-1073,-142,133770,49630,-33740
415531,-461,-1089,-140,128520,18060,-37310
415551,-470,-1111,-142,110320,-6440,-36120
415571,-473,-1109,-147,82600,-24920,-34090
415591,-456,-1068,-142,61390,-47250,-33670
415611,-441,-1022,-136,53270,-79030,-33600
415631,-426,-980,-132,46760,-112560,-33810
415651,-412,-944,-131,32270,-139300,-38500
415671,-401,-914,-128,11970,-160370,-47180
415691,-391,-888,-126,-9940,-178710,-56280
415711,-394,-882,-131,-32130,-196210,-61320
415731,-402,-889,-137,-51520,-216160,-59920
415751,-407,-892,-143,-64050,-240730,-55580
415771,-406,-886,-144,-70280,-266770,-55020
415791,-397,-870,-142,-78260,-287980,-67620
415811,-391,-855,-145,-117320,-309680,-65660
415831,-392,-845,-149,-133980,-322280,-55650
415851,-393,-832,-156,-140350,-339850,-45290
415871,-393,-823,-158,-140490,-357140,-41650
415891,-395,-823,-162,-140770,-370160,-43820
415911,-400,-837,-167,-141400,-380730,-47390
415931,-407,-857,-175,-139300,-392210,-47530
415951,-413,-880,-179,-134470,-403480,-43470
415971,-425,-910,-185,-130480,-411250,-35490
415991,-446,-944,-195,-126980,-415590,-26320
416011,-461,-971,-203,-120470,-418110,-24430
416031,-461,-978,-203,-111020,-416010,-38010
416051,-449,-970,-202,-102970,-407050,-62020
416071,-442,-968,-203,-98000,-394380,-80780
416091,-445,-982,-207,-89950,-385560,-83860
416111,-456,-1010,-211,-76090,-379750,-78890
416131,-466,-1045,-216,-61670,-369390,-79590
416151,-476,-1086,-217,-52780,-349790,-90370
416171,-477,-1113,-218,-48090,-323610,-104160
416191,-474,-1123,-214,-43750,-295610,-113330
416211,-470,-1124,-215,-43190,-264600,-115290
416231,-460,-1104,-212,-44590,-231140,-113190
416251,-441,-1066,-209,-37800,-201320,-110110
416271,-418,-1025,-199,-21490,-175700,-108290
416291,-398,-996,-190,-3850,-149870,-107380
416311,-396,-995,-189,4270,-117880,-104160
416331,-400,-1011,-191,4270,-80150,-97580
416351,-407,-1022,-192,10780,-46620,-87570
416371,-400,-1009,-190,27860,-19950,-75810
416391,-385,-975,-180,49980,3500,-64540
416411,-373,-940,-178,63980,32060,-54810
416431,-361,-908,-175,67830,66220,-44660
416451,-353,-880,-172,72240,98560,-33320
416471,-345,-852,-171,82040,125860,-21210
416491,-340,-836,-166,94640,150220,-8680
416511,-342,-830,-166,107730,172550,5390
416531,-350,-838,-165,119560,193130,22120
416551,-366,-858,-166,129220,212380,40320
416571,-380,-871,-167,134050,232960,55230
416591,-384,-872,-167,132020,257110,62580
416611,-384,-864,-167,125300,283220,62370
416631,-379,-850,-165,118790,307020,59920
416651,-379,-837,-166,115920,324800,62370
416671,-390,-846,-165,114170,337820,70770
416691,-410,-874,-168,107870,359870,77280
416711,-434,-919,-172,104090,371140,64820
416731,-457,-964,-175,103460,379960,45080
416751,-476,-1010,-177,105560,384650,24010
416771,-485,-1041,-177,106120,387380,4760
416791,-484,-1049,-174,106330,387030,-8610
416811,-483,-1044,-171,106050,382970,-14070
416831,-485,-1040,-170,103250,377160,-17430
416851,-482,-1030,-170,104580,367430,-25690
416871,-475,-1021,-167,114800,352520,-39970
416891,-469,-1022,-162,129920,332920,-52920
416911,-472,-1040,-160,142310,310870,-58100
416931,-482,-1070,-159,145530,291480,-58030
416951,-487,-1083,-157,142800,274260,-57400
416971,-476,-1071,-155,138880,255780,-57750
416991,-464,-1048,-150,135310,234710,-57890
417011,-452,-1025,-149,136780,207690,-53830
417031,-430,-991,-138,144340,174230,-47740
417051,-409,-952,-123,148120,141610,-42630
417071,-405,-942,-122,131040,122500,-37170
417091,-412,-952,-126,94780,116340,-34230
417111,-411,-954,-132,67130,102970,-33600
417131,-402,-941,-125,69300,67690,-30100
417151,-391,-921,-113,83720,23100,-24290
417171,-383,-909,-109,78190,-8610,-19390
417191,-380,-896,-110,48650,-24500,-16870
417211,-375,-874,-111,15050,-36400,-16730
417231,-365,-849,-109,-6580,-55230,-17500
417251,-360,-836,-112,-20300,-78400,-19040
417271,-359,-834,-112,-32760,-101990,-20720
417291,-369,-851,-118,-41230,-127820,-19670
417311,-376,-872,-116,-44520,-156870,-13650
417331,-384,-892,-117,-50540,-182420,-7350
417351,-397,-915,-124,-70350,-197050,-1960
417371,-418,-943,-139,-99050,-204680,4970
417391,-430,-956,-148,-119420,-216860,12250
417411,-428,-953,-150,-120540,-239330,13860
417431,-423,-948,-149,-110110,-265580,8540
417451,-419,-949,-151,-105350,-284550,2030
417471,-424,-951,-158,-110250,-297220,4550
417491,-426,-945,-165,-116410,-310520,18270
417511,-430,-942,-168,-117320,-325570,33950
417531,-438,-949,-176,-115640,-336630,40530
417551,-447,-971,-183,-112980,-342370,34160
417571,-457,-1003,-188,-106680,-345870,16660
417591,-463,-1046,-192,-74760,-361480,-12880
417611,-478,-1090,-196,-64680,-366520,-11690
417631,-498,-1132,-204,-62650,-365820,-2450
417651,-513,-1150,-208,-59920,-362110,2800
417671,-507,-1135,-207,-57610,-352030,-7420
417691,-481,-1091,-203,-59920,-333550,-30800
417711,-450,-1035,-200,-62930,-311850,-52710
417731,-423,-985,-196,-55090,-297500,-61810
417751,-403,-944,-186,-35910,-291410,-60200
417771,-385,-917,-177,-23100,-279510,-57330
417791,-377,-909,-176,-23590,-255780,-56280
417811,-381,-921,-177,-28210,-226940,-54740
417831,-387,-943,-181,-26740,-201040,-52010
417851,-392,-963,-179,-19250,-176960,-50750
417871,-394,-977,-178,-12950,-149170,-51660
417891,-386,-968,-178,-8260,-119700,-50330
417911,-368,-931,-172,1050,-94570,-42210
417931,-345,-881,-158,12810,-72030,-29190
417951,-330,-846,-154,18060,-45360,-16100
417971,-328,-830,-155,15120,-13160,-4620
417991,-330,-836,-158,13090,18550,4760
418011,-339,-847,-160,22890,42140,12880
418031,-345,-868,-155,41790,59150,21140
418051,-354,-882,-152,56140,78190,30310
418071,-365,-900,-155,56980,104650,39830
418091,-376,-914,-159,48300,135590,48930
418111,-383,-921,-162,41370,163310,56980
418131,-388,-923,-161,41090,185010,62370
418151,-394,-927,-162,43890,203840,62650
418171,-396,-930,-161,46690,221550,59710
418191,-400,-933,-162,49630,237160,58030
418211,-409,-945,-161,52220,249760,60620
418231,-429,-971,-165,49700,263270,62580
418251,-447,-1003,-171,41020,280700,55650
418271,-453,-1025,-173,35350,296940,38710
418291,-452,-1031,-167,38990,306040,20370
418311,-459,-1040,-167,48160,307300,11550
418331,-473,-1060,-169,53830,305340,12530
418351,-482,-1071,-169,52360,306040,11060
418371,-478,-1068,-167,51030,307720,-1890
418391,-464,-1054,-162,54670,306460,-22260
418411,-460,-1042,-160,61530,300300,-37520
418431,-458,-1040,-158,67550,290430,-41650
418451,-457,-1037,-154,72240,278110,-39060
418471,-451,-1026,-151,78960,262570,-36330
418491,-443,-1006,-147,82040,235690,-40810
418511,-432,-989,-145,79100,223230,-44170
418531,-416,-963,-141,80430,206360,-45570
418551,-400,-933,-133,85190,185430,-43960
418571,-387,-907,-126,86450,164990,-38430
418591,-380,-896,-121,79380,148680,-29540
418611,-382,-896,-122,67550,133840,-19530
418631,-384,-896,-123,59920,115220,-12810
418651,-380,-895,-119,58170,93030,-11760
418671,-375,-890,-116,55720,71680,-13860
418691,-371,-889,-114,46130,53830,-13440
418711,-371,-889,-114,31780,37030,-7910
418731,-370,-887,-115,19530,17290,2240
418751,-368,-876,-114,10850,-4480,11900
418771,-365,-865,-112,490,-23310,15820
418791,-358,-850,-113,-11340,-39830,16030
418811,-356,-842,-113,-21280,-56840,16170
418831,-358,-848,-114,-28700,-75250,18620
418851,-370,-874,-120,-34020,-95130,23730
418871,-389,-921,-125,-40390,-113330,29330
418891,-412,-973,-131,-47950,-129640,35210
418911,-437,-1023,-141,-55860,-145600,42560
418931,-452,-1049,-149,-62790,-161770,49000
418951,-449,-1037,-150,-66500,-177800,49350
418971,-431,-1002,-151,-69090,-190890,41720
418991,-415,-971,-150,-72520,-200970,32550
419011,-411,-962,-152,-74620,-212240,31360
419031,-425,-982,-160,-71750,-226730,39130
419051,-447,-1027,-165,-63840,-242830,49770
419071,-464,-1067,-170,-56770,-254450,52290
419091,-472,-1089,-173,-55160,-258510,44100
419111,-470,-1091,-176,-56070,-258860,32900
419131,-461,-1067,-178,-56490,-259210,24570
419151,-443,-1025,-176,-55510,-259420,18830
419171,-421,-985,-173,-53620,-256900,12670
419191,-409,-961,-171,-47810,-254590,7770
419211,-406,-950,-170,-37310,-254730,6510
419231,-403,-955,-167,-29890,-251300,5320
419251,-408,-969,-169,-29400,-240310,1330
419271,-413,-979,-171,-33810,-223020,-5460
419291,-402,-968,-170,-36890,-205310,-12460
419311,-391,-946,-165,-32970,-191590,-16310
419331,-378,-923,-160,-26250,-178430,-16660
419351,-365,-899,-158,-22890,-162330,-14770
419371,-358,-881,-155,-23170,-143640,-11690
419391,-353,-875,-152,-22470,-104510,-5950
419411,-354,-880,-151,-20930,-85120,-1540
419431,-359,-892,-153,-21070,-64680,3710
419451,-362,-900,-154,-17990,-45570,8120
419471,-358,-897,-152,-12950,-26460,10220
419491,-354,-886,-149,-10360,-5740,12670
419511,-348,-874,-147,-11900,16520,17990
419531,-352,-876,-150,-15400,39480,24990
419551,-360,-888,-151,-15540,59990,30870
419571,-371,-912,-153,-11200,77490,33740
419591,-383,-938,-155,-4550,93380,33950
419611,-399,-970,-157,1120,108920,33880
419631,-409,-992,-157,2170,126000,34510
419651,-416,-999,-158,-350,143710,34370
419671,-418,-1000,-159,-3780,161000,31150
419691,-419,-994,-157,-6300,176680,25340
419711,-418,-991,-155,-6300,188650,20370
419731,-421,-995,-155,-3500,196420,16940
419751,-428,-1005,-156,2310,200340,14070
419771,-435,-1019,-154,8750,202370,9590
419791,-443,-1036,-155,12110,205310,2170
419811,-449,-1050,-157,12180,209720,-7070
419831,-450,-1053,-158,11970,212940,-15470
419851,-444,-1036,-154,14140,212520,-21070
419871,-432,-1010,-151,18690,208320,-24220
419891,-422,-988,-148,23660,202580,-26460
419911,-417,-973,-145,28070,195860,-28700
419931,-413,-962,-144,30870,189280,-31920
419951,-408,-962,-141,33950,181650,-35210
419971,-410,-966,-141,38850,171430,-36330
419991,-411,-972,-138,42420,160300,-36050
420011,-412,-975,-137,44590,148470,-34230
420031,-408,-968,-135,45990,135450,-30030
420051,-399,-947,-133,45010,122850,-26040
420071,-384,-911,-127,42140,110880,-23730
420091,-369,-877,-124,38640,99400,-22680
420111,-354,-851,-121,34930,88130,-21420
420131,-348,-836,-118,33110,74900,-18130
420151,-349,-840,-120,32550,60130,-12320
420171,-358,-863,-122,31780,45150,-4060
420191,-372,-893,-122,30310,29540,6860
420211,-381,-916,-126,27230,14560,16170
420231,-388,-928,-126,22750,1470,20790
420251,-389,-929,-126,17150,-10290,22680
420271,-382,-919,-128,9800,-31990,22050
420291,-376,-901,-125,-1820,-44800,24010
420311,-372,-897,-124,-4760,-58870,30730
420331,-378,-911,-130,-8050,-73640,41300
420351,-398,-944,-135,-9730,-88270,50890
420371,-413,-979,-140,-9590,-101360,53970
420391,-431,-1023,-145,-10150,-112000,50120
420411,-440,-1049,-150,-13580,-120050,43540
420431,-439,-1053,-154,-18620,-126910,38990
420451,-431,-1030,-152,-21840,-134960,40530
420471,-416,-994,-149,-22750,-144270,45920
420491,-407,-967,-149,-23520,-151830,49980
420511,-408,-962,-151,-22050,-157990,49980
420531,-417,-989,-154,-17640,-163940,45990
420551,-435,-1033,-160,-12810,-168910,39200
420571,-446,-1072,-165,-10080,-171010,31850
420591,-454,-1090,-166,-11900,-169470,27720
420611,-444,-1066,-165,-15050,-167440,29050
420631,-426,-1010,-163,-17010,-164920,31080
420651,-401,-952,-156,-18550,-159740,27090
420671,-377,-901,-151,-18690,-152320,17500
420691,-362,-874,-147,-17920,-143990,8470
420711,-359,-874,-148,-14420,-138110,5670
420731,-374,-910,-150,-8820,-134400,8820
420751,-392,-946,-154,-4900,-128030,12530
420771,-398,-971,-153,-3780,-117460,12600
420791,-395,-968,-153,-6370,-103040,9310
420811,-386,-946,-150,-12600,-85820,5950
420831,-374,-915,-147,-18970,-68600,4550
420851,-360,-882,-145,-21910,-53340,3710
420871,-348,-861,-143,-21770,-39270,1960
420891,-342,-846,-138,-18410,-27300,1400
420911,-345,-854,-137,-14350,-16940,5390
420931,-358,-876,-141,-13510,-5460,12530
420951,-374,-909,-143,-14980,7420,17920
420971,-380,-932,-148,-17990,23240,16590
420991,-382,-937,-146,-20230,39900,9870
421011,-382,-935,-145,-20230,53970,4830
421031,-383,-932,-144,-20720,66500,4760
421051,-386,-931,-144,-21140,77490,7490
421071,-391,-945,-145,-21000,87640,8470
421091,-402,-966,-145,-21350,97930,5740
421111,-416,-1000,-149,-20720,106610,2590
421131,-434,-1036,-155,-20860,114730,-210
421151,-443,-1057,-158,-20650,121800,-3920
421171,-440,-1059,-153,-14490,130830,-17010
421191,-430,-1036,-151,-14420,134960,-19530
421211,-424,-1010,-148,-18130,138740,-17850
421231,-416,-985,-147,-22610,142940,-20090
421251,-406,-965,-144,-18900,142870,-27370
421271,-401,-954,-141,-9170,138110,-34790
421291,-402,-968,-143,-1890,132650,-37870
421311,-415,-996,-144,2730,126490,-34930
421331,-430,-1024,-146,5460,120330,-30170
421351,-437,-1034,-147,6230,115080,-29120
421371,-428,-1016,-144,5740,110530,-32760
421391,-413,-985,-142,2520,108150,-39690
421411,-395,-949,-137,840,103460,-43750
421431,-384,-921,-134,4480,93030,-42280
421451,-372,-897,-131,9590,81200,-38850
421471,-370,-889,-127,13790,69650,-33390
421491,-371,-896,-128,14910,59360,-26180
421511,-382,-917,-130,12880,50470,-19180
421531,-387,-924,-132,12740,40040,-13650
421551,-380,-915,-131,14420,29330,-12530
421571,-368,-891,-125,14140,20580,-14630
421591,-357,-865,-125,11620,12040,-13370
421611,-350,-847,-124,7910,3290,-7910
421631,-347,-839,-124,6370,-7070,-1050
421651,-353,-850,-125,7560,-18970,5600
421671,-365,-883,-129,8400,-30100,10710
421691,-387,-930,-135,10080,-42280,16660
421711,-410,-979,-140,13790,-56560,23380
421731,-423,-1011,-144,14910,-67900,25690
421751,-421,-1015,-144,12250,-75250,24080
421771,-412,-996,-146,5390,-79310,22470
421791,-401,-962,-144,-3850,-81830,23940
421811,-391,-933,-143,-7420,-88550,29330
421831,-385,-921,-144,-4690,-97580,31920
421851,-387,-933,-145,770,-105420,28280
421871,-400,-968,-147,7840,-113330,24500
421891,-422,-1017,-152,13160,-120540,26250
421911,-441,-1061,-158,14910,-126140,33810
421931,-454,-1081,-163,11830,-127890,40180
421951,-443,-1060,-164,3850,-123130,36400
421971,-419,-1008,-158,0,-118580,25130
421991,-399,-965,-155,3080,-118650,16100
422011,-384,-936,-151,6370,-119840,14140
422031,-383,-930,-151,8400,-119490,16730
422051,-389,-945,-154,9940,-116900,19320
422071,-401,-973,-155,14840,-110040,23100
422091,-411,-993,-157,14630,-102830,23030
422111,-419,-1003,-159,10710,-91210,17430
422131,-408,-988,-157,7000,-77910,6650
422151,-385,-946,-152,5880,-65590,-2590
422171,-363,-901,-145,7840,-57190,-1050
422191,-351,-866,-141,9170,-50680,10430
422211,-352,-859,-143,8050,-42000,21210
422231,-355,-865,-143,8260,-31500,23730
422251,-362,-877,-143,10780,-20090,18410
422271,-367,-899,-145,11900,-7420,10640
422291,-375,-919,-143,11970,4340,7560
422311,-381,-935,-145,10220,15680,8960
422331,-381,-931,-144,5390,28840,10360
422351,-374,-914,-143,1540,41300,11200
422371,-368,-897,-140,-1680,52500,12390
422391,-367,-889,-138,-4760,62510,14000
422411,-375,-899,-144,-5740,71190,12810
422431,-386,-923,-143,-4900,79800,5670
422451,-391,-947,-142,-910,86240,-2520
422471,-398,-967,-142,2030,91070,-5320
422491,-406,-978,-144,-1680,97650,-1540
422511,-410,-976,-144,-8610,104860,3220
422531,-407,-964,-145,-13510,111510,1400
422551,-403,-954,-142,-13510,115710,-7840
422571,-400,-955,-142,-10640,117670,-19250
422591,-404,-967,-142,-9240,119350,-28000
422611,-410,-984,-143,-7490,118650,-30520
422631,-425,-1011,-144,-3780,114240,-27370
422651,-437,-1036,-147,-2660,110600,-24570
422671,-445,-1055,-150,-5320,109900,-26880
422691,-443,-1053,-149,-8400,110110,-35000
422711,-427,-1022,-143,-7910,107660,-43680
422731,-410,-985,-138,-4060,100590,-46340
422751,-396,-948,-135,-3220,93310,-43260
422771,-390,-931,-134,-6090,87990,-39410
422791,-389,-929,-134,-7910,82530,-38500
422811,-390,-938,-135,-6090,74900,-40390
422831,-400,-959,-137,-1680,64890,-41650
422851,-409,-981,-138,1750,54460,-40110
422871,-414,-992,-137,2800,44450,-36540
422891,-410,-983,-137,1540,35350,-32620
422911,-396,-952,-133,-980,26670,-30240
422931,-381,-914,-130,-6790,20720,-29890
422951,-366,-880,-130,-14210,15610,-28910
422971,-353,-848,-127,-14000,-4060,-25410
422991,-344,-829,-124,-7630,-16730,-24570
423011,-340,-827,-122,-4130,-27650,-20930
423031,-348,-848,-124,-4130,-37380,-12180
423051,-369,-884,-129,-5950,-46550,-910
423071,-383,-919,-134,-6860,-55370,7350
423091,-398,-951,-137,-7000,-63070,9660
423111,-405,-965,-139,-8330,-68740,6020
423131,-401,-962,-142,-9660,-74200,700
423151,-391,-943,-141,-9870,-80430,-2240
423171,-382,-924,-139,-7700,-88830,700
423191,-381,-919,-140,-6720,-96950,8960
423211,-387,-929,-144,-7980,-102270,17150
423231,-391,-940,-146,-6440,-107450,22680
423251,-397,-949,-147,-1610,-112490,23800
423271,-396,-953,-149,3430,-116270,21280
423291,-398,-956,-150,6020,-117530,17990
423311,-401,-963,-153,4760,-115290,13860
423331,-404,-976,-154,4340,-113050,10500
423351,-412,-999,-157,8260,-113890,10500
423371,-421,-1023,-160,13860,-116060,14350
423391,-436,-1051,-162,17640,-117040,21000
423411,-444,-1062,-163,20300,-116550,24990
423431,-434,-1041,-162,20650,-112070,19740
423451,-409,-994,-158,14980,-100380,5530
423471,-385,-946,-153,8120,-87290,-6300
423491,-369,-915,-151,6370,-79800,-5460
423511,-370,-902,-150,11690,-78750,5180
423531,-376,-911,-150,20930,-79100,15260
423551,-386,-937,-151,27300,-74130,16520
423571,-395,-967,-153,27300,-62440,10290
423591,-403,-989,-154,25060,-49140,4130
423611,-404,-992,-155,22680,-37170,3290
423631,-397,-969,-154,19110,-25200,6230
423651,-380,-931,-151,15960,-13020,9030
423671,-363,-892,-145,15120,-1750,10290
423691,-352,-863,-141,17150,7560,11690
423711,-345,-846,-137,19460,16380,14070
423731,-350,-849,-137,19180,26810,15820
423751,-359,-876,-141,16590,39200,14840
423771,-374,-908,-143,14840,51240,11200
423791,-383,-936,-144,16730,60410,7770
423811,-392,-954,-146,19320,67550,7700
423831,-396,-956,-145,18270,75180,11830
423851,-395,-945,-143,15190,82600,16940
423871,-384,-919,-142,2940,104510,5740
423891,-374,-900,-138,2590,111650,-3990
423911,-372,-895,-138,3150,115920,-7770
423931,-378,-908,-139,5460,116130,-4130
423951,-393,-937,-142,9170,113890,1050
423971,-411,-971,-143,10220,114310,-490
423991,-424,-1005,-145,9030,116900,-7910
424011,-429,-1020,-146,5040,120960,-17570
424031,-428,-1018,-144,-70,124600,-25760
424051,-418,-997,-144,-1330,123900,-30870
424071,-406,-967,-140,140,120190,-34230
424091,-392,-938,-135,1260,115640,-34860
424111,-390,-932,-135,1120,110390,-31990
424131,-401,-950,-137,-350,105000,-28840
424151,-414,-978,-139,1120,97440,-29190
424171,-425,-1004,-139,5110,88970,-34790
424191,-426,-1015,-141,7000,82320,-43400
424211,-419,-1006,-138,6090,75810,-47250
424231,-408,-980,-135,1960,69090,-44800
424251,-397,-951,-133,-3010,61460,-38290
424271,-388,-922,-131,-7000,52780,-33320
424291,-377,-903,-131,-10430,45780,-35280
424311,-371,-889,-129,-9310,36610,-39200
424331,-371,-896,-127,-4340,23520,-38710
424351,-378,-914,-130,-1470,10220,-33180
424371,-388,-937,-132,-1050,-2450,-24640
424391,-394,-951,-134,-4620,-11270,-19040
424411,-395,-947,-132,-10920,-17220,-17430
424431,-387,-928,-132,-15260,-25060,-15610
424451,-376,-900,-130,-18480,-33320,-14840
424471,-364,-874,-129,-19950,-41720,-15470
424491,-356,-861,-129,-18970,-51170,-15890
424511,-354,-862,-127,-17290,-61110,-14000
424531,-366,-883,-132,-14490,-72870,-6020
424551,-386,-925,-138,-12950,-84210,5530
424571,-404,-960,-143,-14070,-92540,14420
424591,-413,-978,-145,-14630,-99260,16310
424611,-407,-971,-145,-14560,-104020,10290
424631,-394,-948,-146,-15120,-106960,1470
424651,-383,-923,-143,-16240,-110040,-2380
424671,-378,-907,-145,-18060,-113120,630
424691,-378,-907,-147,-16520,-118090,7770
424711,-386,-928,-150,-11550,-123620,13930
424731,-399,-959,-151,-5320,-128030,16730
424751,-415,-996,-156,4200,-131250,14840
424771,-429,-1027,-159,3710,-127540,9450
424791,-431,-1038,-161,3500,-123480,3430
424811,-423,-1027,-160,2170,-118300,-630
424831,-410,-1002,-157,2520,-115010,2240
424851,-404,-977,-156,5670,-113680,9520
424871,-396,-957,-155,9030,-110670,14070
424891,-390,-942,-152,12040,-104720,11480
424911,-386,-940,-154,13300,-95550,3850
424931,-386,-948,-154,14210,-85820,-2240
424951,-388,-957,-155,16240,-77910,-1470
424971,-391,-960,-157,17430,-69790,3780
424991,-385,-944,-152,17710,-59920,8190
425011,-377,-924,-152,17990,-48370,9240
425031,-369,-906,-149,17710,-35910,8680
425051,-363,-892,-146,17500,-24010,9030
425071,-364,-891,-147,17500,-12180,9730
425091,-371,-906,-149,17640,-140,9520
425111,-378,-927,-148,19810,10430,9170
425131,-381,-942,-149,22960,19740,11270
425151,-386,-947,-147,23730,29610,16240
425171,-386,-938,-146,20930,40950,21420
425191,-379,-916,-147,14490,55440,21000
425211,-367,-887,-142,9310,70210,14280
425231,-356,-871,-141,9310,81060,7280
425251,-359,-876,-139,11690,88480,5460
425271,-372,-900,-141,14840,92960,10220
425291,-393,-941,-144,17430,96320,16940
425311,-409,-978,-147,18690,100870,19390
425331,-419,-1001,-148,17640,107590,15050
425351,-419,-1000,-148,13370,116340,6230
425371,-411,-981,-145,8540,124390,-2520
425391,-400,-955,-143,5950,128800,-8610
425411,-388,-931,-139,6230,129710,-12040
425431,-385,-919,-137,7210,129220,-13160
425451,-391,-928,-138,7070,128170,-11620
425471,-405,-952,-141,7630,124950,-8330
425491,-417,-980,-143,9030,121030,-9730
425511,-422,-995,-142,12320,117110,-18270
425531,-418,-1001,-139,15750,113050,-29400
425551,-414,-993,-136,14420,110600,-36540
425571,-410,-977,-137,10500,106610,-35070
425591,-402,-957,-136,6440,100730,-29330
425611,-394,-936,-135,2730,94850,-27160
425631,-386,-920,-133,2380,87570,-29680
425651,-383,-917,-131,6860,69160,-37660
425671,-389,-927,-131,10570,56910,-36960
425691,-392,-943,-131,10080,47250,-35490
425711,-399,-957,-132,5810,39550,-32900
425731,-404,-967,-133,700,31150,-27930
425751,-407,-973,-135,-3920,22050,-23380
425771,-404,-961,-134,-5670,11550,-21980
425791,-390,-932,-130,-6230,1470,-24920
425811,-373,-901,-129,-8050,-7280,-29120
425831,-359,-868,-126,-10010,-16730,-28420
425851,-352,-848,-124,-12460,-26460,-22750
425871,-352,-849,-125,-14980,-35980,-15260
425891,-364,-871,-127,-16520,-45360,-9030
425911,-378,-905,-134,-15890,-54740,-4900
425931,-396,-943,-136,-11900,-66080,-420
425951,-409,-977,-140,-8120,-77910,4060
425971,-415,-991,-140,-9450,-85470,4550
425991,-405,-971,-140,-15890,-87570,-140
426011,-387,-938,-141,-23940,-87500,-5530
426031,-376,-910,-139,-26740,-92260,-3500
426051,-373,-896,-140,-24990,-100870,4830
426071,-375,-898,-141,-21420,-108710,11620
426091,-386,-920,-146,-14350,-116410,13930
426111,-399,-957,-148,-6160,-122920,11970
426131,-411,-993,-149,-1120,-126560,8890
426151,-423,-1018,-154,-1680,-126630,8890
426171,-427,-1026,-155,-7840,-122990,10990
426191,-420,-1005,-157,-12880,-119210,11480
426211,-404,-978,-155,-11410,-117670,8330
426231,-391,-949,-152,-5600,-117530,4340
426251,-384,-936,-150,70,-117320,3360
426271,-385,-935,-152,2520,-114520,4900
426291,-388,-942,-151,5320,-111020,7000
426311,-391,-953,-153,7700,-105770,7700
426331,-398,-966,-156,7140,-97230,6580
426351,-400,-970,-157,6720,-88200,5880
426371,-399,-971,-157,7980,-79590,4550
426391,-388,-954,-152,10570,-70770,1820
426411,-379,-934,-150,13860,-62020,-280
426431,-371,-914,-147,13580,-51030,560
426451,-367,-896,-146,11480,-39690,5320
426471,-366,-892,-145,9730,-28350,9800
426491,-365,-890,-147,9520,-16800,10290
426511,-366,-900,-147,13370,-7000,7770
426531,-370,-909,-145,17220,2800,5460
426551,-373,-916,-144,22540,20440,12110
426571,-375,-918,-144,20370,31710,15960
426591,-380,-921,-145,14770,45710,15750
426611,-382,-928,-145,10150,59220,12390
426631,-385,-932,-145,10850,68110,10220
426651,-385,-932,-144,13650,74410,9730
426671,-384,-928,-144,15750,80500,9170
426691,-381,-922,-141,16030,87290,8190
426711,-381,-921,-140,13580,94850,7840
426731,-385,-927,-142,10990,100520,9450
426751,-393,-939,-143,7770,106260,8610
426771,-397,-944,-145,4970,112630,2520
426791,-392,-941,-142,7910,114660,-4550
426811,-393,-944,-140,13020,113260,-8190
426831,-400,-953,-139,14280,112280,-7770
426851,-409,-967,-141,10920,113330,-6930
426871,-414,-980,-144,5600,116130,-9940
426891,-413,-984,-142,3920,116340,-15680
426911,-409,-976,-140,5320,113400,-20440
426931,-403,-961,-138,6650,109200,-22890
426951,-398,-950,-137,7490,104160,-23660
426971,-398,-946,-135,8120,98700,-24710
426991,-395,-944,-134,8190,92890,-25830
427011,-397,-946,-134,5250,88410,-27090
427031,-398,-948,-135,1890,83720,-28280
427051,-398,-947,-135,2450,75530,-29330
427071,-394,-939,-133,5250,66010,-32410
427091,-387,-932,-129,7980,55930,-34580
427111,-388,-936,-130,6580,47320,-32550
427131,-391,-940,-131,1120,39970,-26460
427151,-394,-939,-133,-4060,31640,-19460
427171,-391,-932,-131,-6580,22470,-16520
427191,-386,-923,-131,-6160,12390,-18620
427211,-380,-918,-130,-6020,3220,-23940
427231,-377,-913,-128,-6230,-5880,-27370
427251,-378,-915,-128,-5740,-17150,-23730
427271,-380,-921,-131,-8890,-26810,-15400
427291,-388,-924,-133,-14070,-35210,-5390
427311,-391,-933,-135,-17640,-43750,1470
427331,-392,-934,-135,-19460,-50890,140
427351,-386,-926,-134,-16450,-60130,-4970
427371,-379,-914,-136,-14280,-68320,-10220
427391,-373,-900,-132,-17010,-73430,-12110
427411,-371,-894,-135,-18480,-80640,-5810
427431,-374,-897,-138,-20160,-87780,3080
427451,-381,-912,-140,-19460,-99750,11340
427471,-391,-940,-144,-17360,-103460,8400
427491,-404,-966,-148,-11760,-109340,6230
427511,-412,-986,-149,-6790,-114940,5530
427531,-413,-992,-149,-7980,-115220,3080
427551,-408,-982,-149,-11900,-112560,1120
427571,-395,-959,-149,-15400,-110040,2660
427591,-391,-938,-148,-14560,-110810,8820
427611,-386,-925,-150,-10150,-112630,13790
427631,-386,-925,-149,-6230,-110740,10850
427651,-387,-935,-152,-1960,-106960,2380
427671,-393,-958,-151,3150,-103460,-4340
427691,-402,-986,-154,7560,-100800,-3080
427711,-413,-1007,-156,8400,-97090,5180
427731,-420,-1010,-157,4550,-89530,12460
427751,-408,-985,-156,1610,-79870,12040
427771,-388,-940,-151,1890,-70070,4830
427791,-366,-897,-145,2660,-60200,-2730
427811,-357,-880,-144,3360,-50890,-5180
427831,-357,-877,-145,5670,-43330,-2730
427851,-360,-889,-146,10990,-37940,2730
427871,-368,-909,-147,17010,-32690,8960
427891,-380,-925,-146,20790,-25410,14420
427911,-386,-937,-148,19740,-14420,17150
427931,-380,-924,-148,14210,700,13650
427951,-361,-883,-143,9030,17080,4550
427971,-344,-850,-139,6860,31360,-3430
427991,-340,-845,-137,8260,40810,-2940
428011,-359,-880,-142,13650,44590,6300
428031,-388,-940,-147,18340,47740,17430
428051,-414,-994,-153,21840,52710,23170
428071,-428,-1027,-152,24850,59290,20510
428091,-425,-1025,-152,22470,70210,10920
428111,-408,-987,-148,16310,82740,350
428131,-381,-929,-144,9450,93450,-4200
428151,-366,-883,-137,4970,100030,-1680
428171,-360,-865,-135,6860,100520,6020
428191,-366,-878,-136,8960,101220,10990
428211,-383,-912,-142,10780,103110,10150
428231,-408,-970,-144,16730,102060,6300
428251,-429,-1024,-146,23030,100380,140
428271,-440,-1060,-148,26040,99820,-6510
428291,-438,-1063,-149,22680,102410,-13300
428311,-421,-1020,-144,13230,108290,-18200
428331,-404,-968,-140,6090,109550,-12600
428351,-391,-917,-140,-490,100870,2310
428371,-376,-883,-135,4340,96530,-10220
428391,-361,-865,-128,10710,93800,-29050
428411,-354,-862,-124,15890,87780,-35700
428431,-367,-890,-127,17360,78330,-25060
428451,-396,-939,-133,13930,70490,-10220
428471,-412,-976,-138,9800,65660,-6440
428491,-411,-977,-138,6650,63210,-16310
428511,-396,-956,-132,5250,59010,-27020
428531,-389,-937,-129,3290,51240,-26460
428551,-386,-923,-130,-1470,42840,-19320
428571,-381,-905,-131,-4130,34230,-16800
428591,-371,-886,-127,-2520,25480,-22610
428611,-363,-878,-124,-420,16730,-29050
428631,-366,-890,-126,-2100,7560,-25900
428651,-384,-919,-129,-6790,-1960,-14840
428671,-398,-944,-135,-9170,-12320,-6230
428691,-401,-955,-136,-7070,-23030,-7140
428711,-398,-959,-132,-6230,-31290,-13020
428731,-400,-964,-133,-10220,-38220,-13160
428751,-404,-970,-137,-16870,-45640,-5740
428771,-401,-956,-138,-21770,-53410,-140
428791,-383,-919,-132,-21910,-61250,-2730
428811,-368,-887,-130,-21560,-67410,-9100
428831,-362,-872,-130,-22120,-74200,-9940
428851,-363,-870,-130,-21910,-83090,-3500
428871,-370,-885,-136,-22050,-90510,1680
428891,-380,-908,-137,-21700,-95550,1540
428911,-393,-945,-142,-19250,-100590,-350
428931,-405,-974,-146,-17010,-106050,1470
428951,-417,-991,-147,-14980,-112420,7840
428971,-423,-1002,-147,-14070,-116970,11900
428991,-415,-993,-151,-17290,-115430,6090
429011,-400,-970,-148,-22400,-110320,-5670
429031,-389,-946,-147,-23730,-108290,-11200
429051,-392,-942,-147,-19460,-111860,-5390
429071,-398,-951,-150,-13720,-116550,4130
429091,-401,-964,-151,-11270,-115360,4690
429111,-398,-968,-152,-10290,-109340,-3710
429131,-393,-962,-150,-7630,-104160,-10220
429151,-393,-951,-149,-5390,-100940,-7490
429171,-388,-936,-150,-7700,-94780,-1050
429191,-377,-915,-150,-12950,-83440,-770
429211,-366,-895,-145,-13300,-72940,-7210
429231,-357,-877,-141,840,-63490,-10290
429251,-357,-873,-141,490,-55090,-4480
429271,-357,-870,-144,-4480,-42210,-1820
429291,-350,-855,-142,-7420,-28140,-4900
429311,-343,-839,-136,-5460,-16590,-9170
429331,-346,-848,-136,-4200,-5950,-10710
429351,-371,-905,-144,-12950,11550,-14140
429371,-387,-956,-159,-21560,30730,-21210
429391,-387,-974,-166,-10010,36890,-20370
429411,-369,-937,-144,35140,13020,6930
429431,-369,-901,-122,68180,-10150,48300
429451,-391,-905,-134,35910,16800,59360
429471,-400,-913,-152,-28000,79170,22820
429491,-379,-908,-157,-56700,124250,-34020
429511,-345,-889,-153,-27020,122360,-61110
429531,-334,-887,-139,35630,81060,-30030
429551,-378,-950,-135,78330,42910,38920
429571,-455,-1035,-146,75530,37940,93800
429591,-492,-1094,-159,40810,66430,92050
429611,-467,-1072,-165,-1330,112350,31360
429631,-416,-1019,-162,-22470,147210,-40460
429651,-373,-966,-155,-9310,147910,-63700
429671,-357,-919,-143,29820,113960,-22680
429691,-376,-907,-129,70490,69930,49420
429711,-413,-931,-129,77070,54250,94500
429731,-437,-966,-144,40040,81060,81340
429751,-419,-957,-157,-12110,129780,19600
429771,-378,-918,-151,-28420,156940,-45570
429791,-337,-875,-133,7140,137970,-62790
429811,-340,-860,-120,58310,91000,-22190
429831,-370,-876,-123,77000,60340,37590
429851,-392,-893,-129,53340,66290,67830
429871,-391,-887,-137,14700,94360,51170
429891,-366,-865,-136,-8540,117740,7070
429911,-351,-854,-130,-4270,120260,-26530
429931,-360,-874,-134,15330,104090,-27790
429951,-380,-916,-136,35070,82460,-8540
429971,-397,-958,-133,52710,61950,12110
429991,-411,-1001,-128,61110,50680,20930
430011,-439,-1048,-140,43330,57890,22120
430031,-475,-1101,-168,1260,80150,21280
430051,-480,-1105,-178,-27580,93870,13580
430071,-432,-1032,-153,-8680,79380,-7840
430091,-372,-932,-123,41440,45290,-33320
430111,-332,-847,-110,65590,25060,-40320
430131,-330,-807,-116,3290,41370,15120
430151,-348,-810,-127,-19740,46200,34090
430171,-376,-862,-136,-15540,40180,26110
430191,-402,-936,-144,7140,27440,-2380
430211,-410,-994,-144,31430,14840,-31360
430231,-404,-1014,-138,44870,3220,-34370
430251,-396,-991,-130,42350,-7070,-5950
430271,-396,-961,-132,19670,-5880,26600
430291,-397,-937,-138,-14420,9520,35350
430311,-388,-911,-142,-36120,24500,19040
430331,-375,-891,-143,-28560,21840,-1890
430351,-361,-865,-136,7280,-3920,-8960
430371,-352,-856,-126,41790,-31500,-4270
430391,-359,-877,-122,47180,-37590,-560
430411,-380,-931,-129,25830,-24500,2100
430431,-406,-989,-141,-2800,-8260,8050
430451,-422,-1014,-152,-22470,560,17220
430471,-431,-1011,-158,-26530,490,22610
430491,-424,-1000,-159,-15120,-5600,13720
430511,-401,-960,-146,12950,-20650,-4550
430531,-358,-896,-125,36960,-33320,-18690
430551,-333,-841,-117,29470,-27930,-18340
430571,-328,-816,-127,-6300,-6650,-2240
430591,-340,-814,-137,-35910,9870,17360
430611,-343,-810,-140,-35000,9100,27580
430631,-344,-821,-137,-6230,-5880,23870
430651,-356,-855,-133,26460,-20370,11200
430671,-379,-917,-135,44240,-25690,210
430691,-404,-983,-141,41440,-19530,-7490
430711,-418,-1032,-144,25130,-5390,-11200
430731,-422,-1047,-152,3150,11760,-9590
430751,-425,-1039,-162,-18550,26950,-770
430771,-423,-1004,-160,-21140,26950,16450
430791,-406,-960,-149,5670,7490,29120
430811,-381,-909,-133,35700,-8470,21490
430831,-360,-882,-125,43400,-5110,-2450
430851,-354,-881,-131,22540,17080,-23310
430871,-359,-888,-138,-7280,40530,-24990
430891,-370,-901,-144,-17920,45500,-6020
430911,-387,-928,-145,-6580,35280,16940
430931,-403,-965,-147,15120,21840,27090
430951,-420,-1012,-146,34720,13090,22120
430971,-431,-1036,-142,39970,14980,9590
430991,-421,-1022,-145,28490,26180,-2100
431011,-395,-969,-145,1960,46900,-13580
431031,-369,-910,-142,-21630,65800,-9730
431051,-361,-878,-138,2030,44800,14840
431071,-361,-863,-133,27790,23240,34090
431091,-369,-866,-129,36540,18900,32270
431111,-379,-895,-129,23730,34650,8960
431131,-386,-926,-136,4340,55160,-18690
431151,-386,-947,-140,-4760,64260,-31640
431171,-388,-963,-142,-2100,59990,-23100
431191,-395,-968,-142,8680,46130,1680
431211,-398,-952,-140,19250,32130,24220
431231,-394,-931,-135,22960,26600,28700
431251,-391,-921,-131,19600,29470,15540
431271,-391,-926,-134,6440,40810,-8400
431291,-384,-929,-139,-6930,51520,-30590
431311,-373,-922,-133,-7420,50470,-36540
431331,-366,-910,-131,280,39130,-21070
431351,-370,-900,-129,9240,21770,9100
431371,-382,-902,-132,12250,9240,32410
431391,-393,-918,-132,6930,9310,29330
431411,-397,-934,-134,-490,15890,5460
431431,-396,-951,-135,-8260,22610,-21630
431451,-390,-955,-138,-12740,23520,-35280
431471,-381,-940,-136,-7490,13650,-29330
431491,-374,-922,-132,1610,-1680,-9590
431511,-383,-923,-130,4970,-14070,12670
431531,-401,-944,-134,-630,-19040,26740
431551,-415,-968,-142,-13300,-14910,21280
431571,-417,-978,-143,-22750,-8330,-2590
431591,-398,-969,-140,-20440,-8400,-30100
431611,-378,-948,-135,-11900,-15540,-43610
431631,-368,-919,-130,-3990,-27930,-31920
431651,-370,-901,-130,-3850,-39340,-2800
431671,-376,-892,-132,-14420,-41930,22120
431691,-380,-885,-133,-25830,-38850,27440
431711,-374,-880,-137,-32690,-32830,10290
431731,-370,-887,-137,-31780,-28770,-17640
431751,-373,-910,-136,-20020,-34020,-36330
431771,-375,-934,-135,-5460,-45290,-37100
431791,-386,-957,-135,2030,-55090,-22610
431811,-409,-986,-140,-2450,-58170,0
431831,-426,-1001,-147,-18620,-51870,17780
431851,-421,-983,-149,-32760,-44100,21070
431871,-397,-945,-145,-34440,-40110,5250
431891,-365,-895,-137,-26740,-38220,-21910
431911,-345,-859,-132,-14420,-41090,-39340
431931,-340,-854,-129,-4340,-50890,-13650
431951,-356,-876,-132,-7700,-52360,11620
431971,-386,-922,-142,-16520,-46270,24500
431991,-411,-971,-148,-21910,-38150,20370
432011,-424,-1005,-153,-17640,-33950,3570
432031,-420,-1011,-154,-7420,-32760,-17080
432051,-396,-975,-143,2450,-33390,-28770
432071,-374,-933,-138,1960,-30310,-25130
432091,-362,-901,-135,-6930,-24570,-7770
432111,-363,-890,-138,-13930,-21000,13790
432131,-376,-896,-143,-16310,-17710,25760
432151,-385,-912,-146,-11270,-15260,21560
432171,-390,-925,-146,-140,-13370,3010
432191,-380,-928,-142,10850,-10010,-18060
432211,-372,-933,-138,17850,-7770,-24220
432231,-376,-939,-136,15400,-4830,-10010
432251,-384,-941,-141,3360,2170,12740
432271,-390,-933,-147,-7910,11410,26460
432291,-388,-919,-147,-8400,17360,23660
432311,-380,-907,-144,2310,18200,9450
432331,-377,-913,-140,16450,16730,-5320
432351,-380,-931,-138,25130,16730,-12460
432371,-387,-954,-141,23380,21350,-10430
432391,-397,-973,-142,16100,27790,-980
432411,-405,-980,-144,9310,32690,12600
432431,-409,-973,-147,3850,36820,22470
432451,-401,-951,-147,4340,38920,21630
432471,-384,-922,-141,12670,38500,8820
432491,-363,-894,-133,21910,38500,-7700
432511,-358,-887,-130,25830,39340,-14420
432531,-368,-906,-133,20160,42350,-5460
432551,-391,-938,-140,9450,45920,13160
432571,-408,-967,-146,5110,45220,28840
432591,-415,-979,-147,9240,42280,29400
432611,-405,-965,-140,17500,39830,14700
432631,-385,-930,-136,23520,39410,-4410
432651,-362,-886,-129,21210,42560,-17010
432671,-348,-857,-127,13230,46130,-16450
432691,-347,-847,-129,4200,48090,-5110
432711,-357,-855,-132,-1540,47110,9590
432731,-371,-878,-136,840,41370,20020
432751,-388,-915,-137,10010,33670,19390
432771,-398,-952,-135,20580,27860,6580
432791,-405,-983,-135,27160,24920,-9450
432811,-408,-1006,-138,22610,27090,-18830
432831,-417,-1015,-145,-4690,33740,-2380
432851,-417,-995,-146,-8470,29050,9590
432871,-403,-957,-142,-3080,20370,11130
432891,-387,-913,-134,4970,12740,1610
432911,-367,-880,-129,7560,10430,-12740
432931,-354,-858,-124,5110,10150,-21700
432951,-353,-862,-125,-700,9590,-19390
432971,-369,-898,-131,-7420,7770,-9030
432991,-395,-946,-138,-7910,1330,2590
433011,-413,-991,-142,-1470,-7910,7560
433031,-425,-1014,-142,5320,-15540,4270
433051,-420,-1004,-139,5460,-18480,-3080
433071,-399,-966,-137,-5040,-14140,-11900
433091,-379,-919,-134,-17990,-8470,-17360
433111,-366,-884,-132,-23870,-8680,-15540
433131,-357,-867,-131,-22260,-14700,-8120
433151,-359,-865,-133,-14630,-24990,1260
433171,-372,-885,-133,-5810,-34580,6370
433191,-382,-910,-137,-1190,-38710,2100
433211,-386,-932,-135,-1400,-37800,-9030
433231,-388,-950,-136,-7910,-32760,-18270
433251,-395,-966,-139,-18480,-27510,-17220
433271,-407,-980,-146,-24570,-28000,-5530
433291,-408,-976,-146,-20720,-34860,5810
433311,-401,-961,-141,-10710,-42700,7000
433331,-390,-945,-139,-4760,-45010,-1540
433351,-387,-940,-139,-8190,-40950,-10150
433371,-389,-946,-142,-16660,-35070,-12530
433391,-396,-958,-143,-21700,-32340,-9100
433411,-391,-951,-143,-20020,-33600,-4060
433431,-384,-933,-140,-14700,-36610,1050
433451,-378,-913,-139,-10500,-38430,5600
433471,-372,-893,-136,-8330,-38220,6930
433491,-364,-877,-134,-8610,-34790,2450
433511,-355,-866,-134,-12460,-27440,-5810
433531,-360,-879,-136,-17850,-19390,-10920
433551,-374,-910,-140,-19040,-16100,-7630
433571,-389,-944,-145,-10010,-21490,2870
433591,-399,-960,-142,4620,-29960,11270
433611,-394,-952,-140,11900,-30660,9310
433631,-380,-927,-138,4550,-19460,-1400
433651,-370,-908,-141,-8960,-4550,-10150
433671,-369,-901,-140,-15890,3080,-8750
433691,-375,-907,-143,-11550,1330,-140
433711,-386,-929,-142,-1960,-5530,9030
433731,-397,-957,-141,14630,-6160,6790
433751,-403,-979,-141,15330,-2450,3010
433771,-408,-991,-143,6650,7140,-280
433791,-407,-989,-145,-6090,18760,-1680
433811,-398,-962,-147,-12600,25690,-770
433831,-375,-910,-140,-5600,22890,2660
433851,-360,-874,-135,7000,16380,6300
433871,-356,-860,-130,14350,14070,7070
433891,-359,-870,-131,14420,17220,4830
433911,-370,-899,-134,10290,23170,1750
433931,-384,-934,-138,5880,28700,630
433951,-397,-960,-143,3010,32130,2660
433971,-406,-973,-147,3780,32410,5250
433991,-406,-974,-146,11270,28490,5110
434011,-397,-961,-138,21840,22750,2660
434031,-388,-942,-134,23170,22610,-140
434051,-383,-931,-136,10570,30940,-770
434071,-384,-921,-139,-5040,40460,1190
434091,-378,-908,-139,-9380,42210,2870
434111,-369,-890,-135,630,34860,1890
434131,-368,-888,-132,14140,26040,-910
434151,-374,-905,-131,21140,20860,-1470
434171,-389,-935,-135,20090,19320,980
434191,-398,-961,-139,13230,21630,1750
434211,-405,-976,-139,4270,26530,-1050
434231,-403,-972,-142,-3850,30520,-3850
434251,-393,-943,-139,-6160,29470,-3990
434271,-376,-904,-134,1190,21350,-1960
434291,-360,-871,-128,10220,12530,-1540
434311,-356,-862,-126,11340,9730,-3360
434331,-360,-872,-128,4340,12250,-5320
434351,-374,-900,-135,-4340,15610,-6160
434371,-390,-940,-140,-7140,14700,-5250
434391,-408,-981,-141,-2030,8120,-3080
434411,-419,-1007,-145,5460,-210,-1960
434431,-421,-1013,-140,11060,-7000,-2660
434451,-414,-1001,-139,11550,-10360,-4550
434471,-400,-969,-136,3780,-8260,-7000
434491,-387,-943,-138,-9870,-2800,-7630
434511,-385,-928,-138,-21770,1400,-5530
434531,-380,-919,-138,-21910,-2800,-840
434551,-375,-902,-133,-10150,-14560,2100
434571,-370,-893,-130,1960,-24710,-140
434591,-368,-893,-129,3780,-26530,-5040
434611,-376,-910,-133,-14140,-17920,-8960
434631,-385,-931,-138,-15470,-18900,-7630
434651,-391,-948,-140,-11760,-23030,-5250
434671,-398,-958,-140,-9450,-26530,-1960
434691,-397,-958,-141,-7980,-29190,280
434711,-390,-938,-138,-5600,-31220,0
434731,-376,-905,-133,-7980,-29120,-4200
434751,-364,-881,-133,-16240,-22680,-9800
434771,-359,-874,-134,-23170,-16660,-13790
434791,-364,-887,-136,-20160,-18410,-10570
434811,-376,-911,-137,-8190,-28280,-420
434831,-391,-944,-139,2240,-36820,7770
434851,-406,-982,-141,3150,-35630,6230
434871,-416,-1003,-144,-2730,-28420,-560
